01 DAO TRINH NHAT, VY DA, HUE
NGO 68 DUONG MAC DANG DUNG,SO NHA 03, PHUONG DONG MAI, THI XA QUANG YEN, TINH QUANG NINH
TRUC LY, VO NINH, QUANG NINH, QUANG BINH
LE XA, TIEN NU, HUNG YEN
69 nui doi- thi tran soc son- huyen soc son- tp ha noi
11 LE NGAN, PHUONG KHUE TRUNG, QUAN CAM LE, THANH PHO DA NANG
590/31 NGUYEN VAN TAO, XA LONG THOI, HUYEN NHA BE, TP HO CHI MINH
SAN ECOLAND, 22 MARINA ARC, KHU AQUABAY, KHU DO THI ECOPARK, XA PHUNG CONG, HUYEN VAN GIANG, TINH HUNG YEN
TO DAN PHO THO, PHUONG DI SU, THI XA MY HAO, TINH HUNG YEN
2A DUONG BINH CHIEU, PHUONG BINH CHIEU, QUAN THU DUC, TP HO CHI MINH
03 DANG MINH KHIEM, HOA MINH, LIEN CHIEU, DA NANG
DUONG 34 SO NHA SO 1, PHUONG BINH TRI DONG B, QUAN BINH TAN, TP HO CHI MINH
81 TRAN CUNG,Phuong/Xa NGHIA TAN,Quan/Huyen CAU GIAY,Tinh/TP HA NOI
SO 99 DUONG C18,PHUONG 12,BINH TAN,TP HO CHI MINH
THON XUAN PHUC, XA NINH VAN, HUYEN HOA LU, TINH NINH BINH
KP4-PHUONG PHU TAN-THANH PHO BEN TRE-TINH BEN TRE-VIET NAM
TOA SPRING CHUNG CU GOLD SEASON 47 NGUYEN TUAN, PHUONG THANH XUAN TRUNG, QUAN THANH XUAN, THANH PHO HA NOI
TRUNG LE, THI TRAN NHU QUYNH, HUYEN VAN LAM, TINH HUNG YEN
THON THUONG DINH 2, XA QUANG DINH, HUYEN QUANG XUONG, TINH THANH HOA
SO 350/9 NGUYEN TRONG TUYEN, PHUONG 2, TAN BINH, HCM
01 BACH DANG, PHUONG 2, Q TAN BINH, TP HCM,Phuong/Xa ,,Quan/Huyen ,,Tinh/TP ,
119 H15/37/09 PHAM NHU XUONG,Phuong/Xa HOA KHANH NAM,Quan/Huyen LIEN CHIEU,Tinh/TP DA NANG
33 VAN PHU - PHU LA - HA DONG - HN
TDP TRINH, PHUONG DUY MINH, THI XA DUY TIEN, TINH HA NAM